AA22 AAA,1,1,10,12/12/2022,13/12/2022,Steve Ferry,34 Long Road,07705497665
AA22 AAA,2,1,10,14/12/2022,15/12/2022,Liam Hammond,80 Brunswick Street,01145896664
AA22 AAA,3,3,30,17/12/2022,20/12/2022,Ben Kelly,1701 The Gate,07954856900
YU04 UUW,1,8,80,11/12/2022,19/12/2022,Jenny Sennett,143 IQ Fenton,07708767835
LL47 CSA,1,2,24,19/12/2022,21/12/2022,Ellie Connel,11 Kempton Drive,077063748385
GY46 HHH,1,7,143.5,13/12/2022,20/12/2022,Jake Smithard,5 Cherry Street,07735658918
AA22 AAA,4,1,10,12/12/2022,13/12/2022,Dave Smith,175 Surgeys Lane,07705497665
YU04 UUW,2,3,30,03/01/2023,06/01/2023,Liam Hammond,80 Brunwick Street,07954625748
OI73 GDT,1,4,84,03/01/2023,07/01/2023,Keith Johnson,76 Church Way,07735783882
LL47 CSA,2,14,147,03/01/2023,17/01/2023,Mark Key,11 Howbeck Drive,07839466432
FS77 DFD,1,9,144,04/01/2023,13/01/2023,Emma Ball,32b Central Flats,01147642299
